,accuracy,precision,recall,f1,roc_auc,rmse,mae,r2,confusion_matrix
random_forest,0.6686991869918699,0.6435643564356436,0.3385416666666667,0.44368600682593856,0.661953125,0.46618412915544727,0.43369918699186993,0.08668058333333328,"[[264, 36], [127, 65]]"
svr,0.6747967479674797,0.7051282051282052,0.2864583333333333,0.4074074074074074,0.650625,0.4882665591291144,0.3836920667357199,-0.0018937881898060116,"[[277, 23], [137, 55]]"
ann_xavier,0.6443089430894309,0.6075949367088608,0.25,0.35424354243542433,0.6532118055555556,0.46613309120620283,0.44137961920199353,0.0868805532399155,"[[269, 31], [144, 48]]"
xgboost,0.6443089430894309,0.5739130434782609,0.34375,0.42996742671009774,0.6516145833333333,0.470560211043836,0.4201565385773415,0.0694534014054542,"[[251, 49], [126, 66]]"
ann_shap,0.6686991869918699,0.6790123456790124,0.2864583333333333,0.40293040293040294,0.6508333333333333,0.4632859723323318,0.43766195242240175,0.09800106819796095,"[[274, 26], [137, 55]]"
hybrid_average_0.5,0.6707317073170732,0.6829268292682927,0.2916666666666667,0.40875912408759124,0.669045138888889,0.46032741203507965,0.42890924484870296,0.10948467634648396,"[[274, 26], [136, 56]]"
hybrid_stacking,0.6626016260162602,0.6413043478260869,0.3072916666666667,0.4154929577464789,0.6671180555555555,0.4617432698663176,0.4358347336118117,0.10399822436110917,"[[267, 33], [133, 59]]"
hybrid_xavier_stacking,0.6605691056910569,0.6373626373626373,0.3020833333333333,0.4098939929328622,0.6635763888888888,0.46302897720962766,0.4375612579916483,0.0990015087253262,"[[267, 33], [134, 58]]"
hybrid_selected,0.6707317073170732,0.6829268292682927,0.2916666666666667,0.40875912408759124,0.669045138888889,0.46032741203507965,0.42890924484870296,0.10948467634648396,"[[274, 26], [136, 56]]"
